database,links,id_system,id_link
SDSS,http://skyserver.sdss3.org/dr9/en/tools/chart/navi.asp?ra=2.01231&dec=-0.06896,1,0
ADS,http://adsabs.harvard.edu/cgi-bin/nph-abs_connect?db_key=AST&db_key=PRE&qform=AST&arxiv_sel=astro-ph&arxiv_sel=gr-qc&arxiv_sel=physics&sim_query=YES&ned_query=YES&adsobj_query=YES&aut_logic=OR&obj_logic=OR&author=&start_mon=&start_year=&end_mon=&end_year=&ttl_logic=OR&title=&txt_logic=OR&text=&nr_to_return=200&start_nr=1&jou_pick=ALL&ref_stems=&data_and=ALL&group_and=ALL&start_entry_day=&start_entry_mon=&start_entry_year=&end_entry_day=&end_entry_mon=&end_entry_year=&min_score=&sort=SCORE&data_type=SHORT&aut_syn=YES&ttl_syn=YES&txt_syn=YES&aut_wt=1.0&obj_wt=1.0&ttl_wt=0.3&txt_wt=3.0&aut_wgt=YES&obj_wgt=YES&ttl_wgt=YES&txt_wgt=YES&ttl_sco=YES&txt_sco=YES&version=1&object=2.01231%2D0.06896,1,1
NED,http://ned.ipac.caltech.edu/cgi-bin/objsearch?in_csys=Equatorial&in_equinox=J2000.0&hconst=73&omegam=0.27&omegav=0.73&corr_z=1&search_type=Near+Position+Search&z_constraint=Unconstrained&z_value1=&z_value2=&z_unit=z&ot_include=ANY&nmp_op=ANY&out_csys=Equatorial&out_equinox=J2000.0&obj_sort=Distance+to+search+center&of=pre_text&zv_breaker=30000.0&list_limit=5&img_stamp=YES&radius=0.1&lon=00+08+2.96&lat=%2D0+04+8.26,1,2
ADS,http://adsabs.harvard.edu/cgi-bin/nph-abs_connect?db_key=AST&db_key=PRE&qform=AST&arxiv_sel=astro-ph&arxiv_sel=gr-qc&arxiv_sel=physics&sim_query=YES&ned_query=YES&adsobj_query=YES&aut_logic=OR&obj_logic=OR&author=&start_mon=&start_year=&end_mon=&end_year=&ttl_logic=OR&title=&txt_logic=OR&text=&nr_to_return=200&start_nr=1&jou_pick=ALL&ref_stems=&data_and=ALL&group_and=ALL&start_entry_day=&start_entry_mon=&start_entry_year=&end_entry_day=&end_entry_mon=&end_entry_year=&min_score=&sort=SCORE&data_type=SHORT&aut_syn=YES&ttl_syn=YES&txt_syn=YES&aut_wt=1.0&obj_wt=1.0&ttl_wt=0.3&txt_wt=3.0&aut_wgt=YES&obj_wgt=YES&ttl_wgt=YES&txt_wgt=YES&ttl_sco=YES&txt_sco=YES&version=1&object=3.595917%2D30.352722,2,3
NED,http://ned.ipac.caltech.edu/cgi-bin/objsearch?in_csys=Equatorial&in_equinox=J2000.0&hconst=73&omegam=0.27&omegav=0.73&corr_z=1&search_type=Near+Position+Search&z_constraint=Unconstrained&z_value1=&z_value2=&z_unit=z&ot_include=ANY&nmp_op=ANY&out_csys=Equatorial&out_equinox=J2000.0&obj_sort=Distance+to+search+center&of=pre_text&zv_breaker=30000.0&list_limit=5&img_stamp=YES&radius=0.1&lon=00+14+23.02&lat=%2D30+21+09.8,2,4
ADS,http://adsabs.harvard.edu/cgi-bin/nph-abs_connect?db_key=AST&db_key=PRE&qform=AST&arxiv_sel=astro-ph&arxiv_sel=gr-qc&arxiv_sel=physics&sim_query=YES&ned_query=YES&adsobj_query=YES&aut_logic=OR&obj_logic=OR&author=&start_mon=&start_year=&end_mon=&end_year=&ttl_logic=OR&title=&txt_logic=OR&text=&nr_to_return=200&start_nr=1&jou_pick=ALL&ref_stems=&data_and=ALL&group_and=ALL&start_entry_day=&start_entry_mon=&start_entry_year=&end_entry_day=&end_entry_mon=&end_entry_year=&min_score=&sort=SCORE&data_type=SHORT&aut_syn=YES&ttl_syn=YES&txt_syn=YES&aut_wt=1.0&obj_wt=1.0&ttl_wt=0.3&txt_wt=3.0&aut_wgt=YES&obj_wgt=YES&ttl_wgt=YES&txt_wgt=YES&ttl_sco=YES&txt_sco=YES&version=1&object=3.609417%2D30.382194,3,5
NED,http://ned.ipac.caltech.edu/cgi-bin/objsearch?in_csys=Equatorial&in_equinox=J2000.0&hconst=73&omegam=0.27&omegav=0.73&corr_z=1&search_type=Near+Position+Search&z_constraint=Unconstrained&z_value1=&z_value2=&z_unit=z&ot_include=ANY&nmp_op=ANY&out_csys=Equatorial&out_equinox=J2000.0&obj_sort=Distance+to+search+center&of=pre_text&zv_breaker=30000.0&list_limit=5&img_stamp=YES&radius=0.1&lon=00+14+26.26&lat=%2D30+22+55.9,3,6
SDSS,http://skyserver.sdss3.org/dr9/en/tools/chart/navi.asp?ra=5.67049154&dec=14.51956525,4,7
ADS,http://adsabs.harvard.edu/cgi-bin/nph-abs_connect?db_key=AST&db_key=PRE&qform=AST&arxiv_sel=astro-ph&arxiv_sel=gr-qc&arxiv_sel=physics&sim_query=YES&ned_query=YES&adsobj_query=YES&aut_logic=OR&obj_logic=OR&author=&start_mon=&start_year=&end_mon=&end_year=&ttl_logic=OR&title=&txt_logic=OR&text=&nr_to_return=200&start_nr=1&jou_pick=ALL&ref_stems=&data_and=ALL&group_and=ALL&start_entry_day=&start_entry_mon=&start_entry_year=&end_entry_day=&end_entry_mon=&end_entry_year=&min_score=&sort=SCORE&data_type=SHORT&aut_syn=YES&ttl_syn=YES&txt_syn=YES&aut_wt=1.0&obj_wt=1.0&ttl_wt=0.3&txt_wt=3.0&aut_wgt=YES&obj_wgt=YES&ttl_wgt=YES&txt_wgt=YES&ttl_sco=YES&txt_sco=YES&version=1&object=5.67049154%2B14.5195,4,8
NED,http://ned.ipac.caltech.edu/cgi-bin/objsearch?in_csys=Equatorial&in_equinox=J2000.0&hconst=73&omegam=0.27&omegav=0.73&corr_z=1&search_type=Near+Position+Search&z_constraint=Unconstrained&z_value1=&z_value2=&z_unit=z&ot_include=ANY&nmp_op=ANY&out_csys=Equatorial&out_equinox=J2000.0&obj_sort=Distance+to+search+center&of=pre_text&zv_breaker=30000.0&list_limit=5&img_stamp=YES&radius=0.1&lon=00+22+40.92&lat=%2B14+31+10.43,4,9
SDSS,http://skyserver.sdss3.org/dr9/en/tools/chart/navi.asp?ra=7.28240&dec=-0.93071,5,10
ADS,http://adsabs.harvard.edu/cgi-bin/nph-abs_connect?db_key=AST&db_key=PRE&qform=AST&arxiv_sel=astro-ph&arxiv_sel=gr-qc&arxiv_sel=physics&sim_query=YES&ned_query=YES&adsobj_query=YES&aut_logic=OR&obj_logic=OR&author=&start_mon=&start_year=&end_mon=&end_year=&ttl_logic=OR&title=&txt_logic=OR&text=&nr_to_return=200&start_nr=1&jou_pick=ALL&ref_stems=&data_and=ALL&group_and=ALL&start_entry_day=&start_entry_mon=&start_entry_year=&end_entry_day=&end_entry_mon=&end_entry_year=&min_score=&sort=SCORE&data_type=SHORT&aut_syn=YES&ttl_syn=YES&txt_syn=YES&aut_wt=1.0&obj_wt=1.0&ttl_wt=0.3&txt_wt=3.0&aut_wgt=YES&obj_wgt=YES&ttl_wgt=YES&txt_wgt=YES&ttl_sco=YES&txt_sco=YES&version=1&object=7.28240%2D0.93071,5,11
NED,http://ned.ipac.caltech.edu/cgi-bin/objsearch?in_csys=Equatorial&in_equinox=J2000.0&hconst=73&omegam=0.27&omegav=0.73&corr_z=1&search_type=Near+Position+Search&z_constraint=Unconstrained&z_value1=&z_value2=&z_unit=z&ot_include=ANY&nmp_op=ANY&out_csys=Equatorial&out_equinox=J2000.0&obj_sort=Distance+to+search+center&of=pre_text&zv_breaker=30000.0&list_limit=5&img_stamp=YES&radius=0.1&lon=00+29+7.78&lat=%2D0+55+50.56,5,12
ADS,http://adsabs.harvard.edu/cgi-bin/nph-abs_connect?db_key=AST&db_key=PRE&qform=AST&arxiv_sel=astro-ph&arxiv_sel=gr-qc&arxiv_sel=physics&sim_query=YES&ned_query=YES&adsobj_query=YES&aut_logic=OR&obj_logic=OR&author=&start_mon=&start_year=&end_mon=&end_year=&ttl_logic=OR&title=&txt_logic=OR&text=&nr_to_return=200&start_nr=1&jou_pick=ALL&ref_stems=&data_and=ALL&group_and=ALL&start_entry_day=&start_entry_mon=&start_entry_year=&end_entry_day=&end_entry_mon=&end_entry_year=&min_score=&sort=SCORE&data_type=SHORT&aut_syn=YES&ttl_syn=YES&txt_syn=YES&aut_wt=1.0&obj_wt=1.0&ttl_wt=0.3&txt_wt=3.0&aut_wgt=YES&obj_wgt=YES&ttl_wgt=YES&txt_wgt=YES&ttl_sco=YES&txt_sco=YES&version=1&object=9.271704%2B9.163992,6,13
NED,http://ned.ipac.caltech.edu/cgi-bin/objsearch?in_csys=Equatorial&in_equinox=J2000.0&hconst=73&omegam=0.27&omegav=0.73&corr_z=1&search_type=Near+Position+Search&z_constraint=Unconstrained&z_value1=&z_value2=&z_unit=z&ot_include=ANY&nmp_op=ANY&out_csys=Equatorial&out_equinox=J2000.0&obj_sort=Distance+to+search+center&of=pre_text&zv_breaker=30000.0&list_limit=5&img_stamp=YES&radius=0.8&lon=00+37+06.475&lat=%2B9+09+32.28,6,14
APOD,http://apod.nasa.gov/apod/ap130308.html,6,15
SDSS,http://skyserver.sdss3.org/dr9/en/tools/chart/navi.asp?ra=11.01208&dec=+1.22018,7,16
ADS,http://adsabs.harvard.edu/cgi-bin/nph-abs_connect?db_key=AST&db_key=PRE&qform=AST&arxiv_sel=astro-ph&arxiv_sel=gr-qc&arxiv_sel=physics&sim_query=YES&ned_query=YES&adsobj_query=YES&aut_logic=OR&obj_logic=OR&author=&start_mon=&start_year=&end_mon=&end_year=&ttl_logic=OR&title=&txt_logic=OR&text=&nr_to_return=200&start_nr=1&jou_pick=ALL&ref_stems=&data_and=ALL&group_and=ALL&start_entry_day=&start_entry_mon=&start_entry_year=&end_entry_day=&end_entry_mon=&end_entry_year=&min_score=&sort=SCORE&data_type=SHORT&aut_syn=YES&ttl_syn=YES&txt_syn=YES&aut_wt=1.0&obj_wt=1.0&ttl_wt=0.3&txt_wt=3.0&aut_wgt=YES&obj_wgt=YES&ttl_wgt=YES&txt_wgt=YES&ttl_sco=YES&txt_sco=YES&version=1&object=11.01208%2B1.22018,7,17
NED,http://ned.ipac.caltech.edu/cgi-bin/objsearch?in_csys=Equatorial&in_equinox=J2000.0&hconst=73&omegam=0.27&omegav=0.73&corr_z=1&search_type=Near+Position+Search&z_constraint=Unconstrained&z_value1=&z_value2=&z_unit=z&ot_include=ANY&nmp_op=ANY&out_csys=Equatorial&out_equinox=J2000.0&obj_sort=Distance+to+search+center&of=pre_text&zv_breaker=30000.0&list_limit=5&img_stamp=YES&radius=0.1&lon=00+44+2.9&lat=%2B1+13+12.65,7,18
SDSS,http://skyserver.sdss3.org/dr9/en/tools/chart/navi.asp?ra=12.4247466667&dec=-27.874019722,8,19
ADS,http://adsabs.harvard.edu/cgi-bin/nph-abs_connect?db_key=AST&db_key=PRE&qform=AST&arxiv_sel=astro-ph&arxiv_sel=gr-qc&arxiv_sel=physics&sim_query=YES&ned_query=YES&adsobj_query=YES&aut_logic=OR&obj_logic=OR&author=&start_mon=&start_year=&end_mon=&end_year=&ttl_logic=OR&title=&txt_logic=OR&text=&nr_to_return=200&start_nr=1&jou_pick=ALL&ref_stems=&data_and=ALL&group_and=ALL&start_entry_day=&start_entry_mon=&start_entry_year=&end_entry_day=&end_entry_mon=&end_entry_year=&min_score=&sort=SCORE&data_type=SHORT&aut_syn=YES&ttl_syn=YES&txt_syn=YES&aut_wt=1.0&obj_wt=1.0&ttl_wt=0.3&txt_wt=3.0&aut_wgt=YES&obj_wgt=YES&ttl_wgt=YES&txt_wgt=YES&ttl_sco=YES&txt_sco=YES&version=1&object=12.4247466667%2D27.8,8,20
NED,http://ned.ipac.caltech.edu/cgi-bin/objsearch?in_csys=Equatorial&in_equinox=J2000.0&hconst=73&omegam=0.27&omegav=0.73&corr_z=1&search_type=Near+Position+Search&z_constraint=Unconstrained&z_value1=&z_value2=&z_unit=z&ot_include=ANY&nmp_op=ANY&out_csys=Equatorial&out_equinox=J2000.0&obj_sort=Distance+to+search+center&of=pre_text&zv_breaker=30000.0&list_limit=5&img_stamp=YES&radius=0.1&lon=00+49+41.96&lat=%2D27+52+25.000,8,21
ADS,http://adsabs.harvard.edu/cgi-bin/nph-abs_connect?db_key=AST&db_key=PRE&qform=AST&arxiv_sel=astro-ph&arxiv_sel=gr-qc&arxiv_sel=physics&sim_query=YES&ned_query=YES&adsobj_query=YES&aut_logic=OR&obj_logic=OR&author=&start_mon=&start_year=&end_mon=&end_year=&ttl_logic=OR&title=&txt_logic=OR&text=&nr_to_return=200&start_nr=1&jou_pick=ALL&ref_stems=&data_and=ALL&group_and=ALL&start_entry_day=&start_entry_mon=&start_entry_year=&end_entry_day=&end_entry_mon=&end_entry_year=&min_score=&sort=SCORE&data_type=SHORT&aut_syn=YES&ttl_syn=YES&txt_syn=YES&aut_wt=1.0&obj_wt=1.0&ttl_wt=0.3&txt_wt=3.0&aut_wgt=YES&obj_wgt=YES&ttl_wgt=YES&txt_wgt=YES&ttl_sco=YES&txt_sco=YES&version=1&object=12.6155%2D17.66889,9,22
NED,http://ned.ipac.caltech.edu/cgi-bin/objsearch?in_csys=Equatorial&in_equinox=J2000.0&hconst=73&omegam=0.27&omegav=0.73&corr_z=1&search_type=Near+Position+Search&z_constraint=Unconstrained&z_value1=&z_value2=&z_unit=z&ot_include=ANY&nmp_op=ANY&out_csys=Equatorial&out_equinox=J2000.0&obj_sort=Distance+to+search+center&of=pre_text&zv_breaker=30000.0&list_limit=5&img_stamp=YES&radius=0.1&lon=00+50+27.72&lat=%2D17+40+08,9,23
SDSS,http://skyserver.sdss3.org/dr9/en/tools/chart/navi.asp?ra=17.39054&dec=+15.00903,10,24
ADS,http://adsabs.harvard.edu/cgi-bin/nph-abs_connect?db_key=AST&db_key=PRE&qform=AST&arxiv_sel=astro-ph&arxiv_sel=gr-qc&arxiv_sel=physics&sim_query=YES&ned_query=YES&adsobj_query=YES&aut_logic=OR&obj_logic=OR&author=&start_mon=&start_year=&end_mon=&end_year=&ttl_logic=OR&title=&txt_logic=OR&text=&nr_to_return=200&start_nr=1&jou_pick=ALL&ref_stems=&data_and=ALL&group_and=ALL&start_entry_day=&start_entry_mon=&start_entry_year=&end_entry_day=&end_entry_mon=&end_entry_year=&min_score=&sort=SCORE&data_type=SHORT&aut_syn=YES&ttl_syn=YES&txt_syn=YES&aut_wt=1.0&obj_wt=1.0&ttl_wt=0.3&txt_wt=3.0&aut_wgt=YES&obj_wgt=YES&ttl_wgt=YES&txt_wgt=YES&ttl_sco=YES&txt_sco=YES&version=1&object=17.39054%2B15.00903,10,25
NED,http://ned.ipac.caltech.edu/cgi-bin/objsearch?in_csys=Equatorial&in_equinox=J2000.0&hconst=73&omegam=0.27&omegav=0.73&corr_z=1&search_type=Near+Position+Search&z_constraint=Unconstrained&z_value1=&z_value2=&z_unit=z&ot_include=ANY&nmp_op=ANY&out_csys=Equatorial&out_equinox=J2000.0&obj_sort=Distance+to+search+center&of=pre_text&zv_breaker=30000.0&list_limit=5&img_stamp=YES&radius=0.1&lon=01+09+33.73&lat=%2B15+00+32.51,10,26
ADS,http://adsabs.harvard.edu/cgi-bin/nph-abs_connect?db_key=AST&db_key=PRE&qform=AST&arxiv_sel=astro-ph&arxiv_sel=gr-qc&arxiv_sel=physics&sim_query=YES&ned_query=YES&adsobj_query=YES&aut_logic=OR&obj_logic=OR&author=&start_mon=&start_year=&end_mon=&end_year=&ttl_logic=OR&title=&txt_logic=OR&text=&nr_to_return=200&start_nr=1&jou_pick=ALL&ref_stems=&data_and=ALL&group_and=ALL&start_entry_day=&start_entry_mon=&start_entry_year=&end_entry_day=&end_entry_mon=&end_entry_year=&min_score=&sort=SCORE&data_type=SHORT&aut_syn=YES&ttl_syn=YES&txt_syn=YES&aut_wt=1.0&obj_wt=1.0&ttl_wt=0.3&txt_wt=3.0&aut_wgt=YES&obj_wgt=YES&ttl_wgt=YES&txt_wgt=YES&ttl_sco=YES&txt_sco=YES&version=1&object=30.543750%2D11.15324,11,27
NED,http://ned.ipac.caltech.edu/cgi-bin/objsearch?in_csys=Equatorial&in_equinox=J2000.0&hconst=73&omegam=0.27&omegav=0.73&corr_z=1&search_type=Near+Position+Search&z_constraint=Unconstrained&z_value1=&z_value2=&z_unit=z&ot_include=ANY&nmp_op=ANY&out_csys=Equatorial&out_equinox=J2000.0&obj_sort=Distance+to+search+center&of=pre_text&zv_breaker=30000.0&list_limit=5&img_stamp=YES&radius=0.25&lon=02+02+10.50&lat=%2D11+09+11.68,11,28
SDSS,http://skyserver.sdss3.org/dr9/en/tools/chart/navi.asp?ra=26.73337065&dec=-9.49791496,12,29
ADS,http://adsabs.harvard.edu/cgi-bin/nph-abs_connect?db_key=AST&db_key=PRE&qform=AST&arxiv_sel=astro-ph&arxiv_sel=gr-qc&arxiv_sel=physics&sim_query=YES&ned_query=YES&adsobj_query=YES&aut_logic=OR&obj_logic=OR&author=&start_mon=&start_year=&end_mon=&end_year=&ttl_logic=OR&title=&txt_logic=OR&text=&nr_to_return=200&start_nr=1&jou_pick=ALL&ref_stems=&data_and=ALL&group_and=ALL&start_entry_day=&start_entry_mon=&start_entry_year=&end_entry_day=&end_entry_mon=&end_entry_year=&min_score=&sort=SCORE&data_type=SHORT&aut_syn=YES&ttl_syn=YES&txt_syn=YES&aut_wt=1.0&obj_wt=1.0&ttl_wt=0.3&txt_wt=3.0&aut_wgt=YES&obj_wgt=YES&ttl_wgt=YES&txt_wgt=YES&ttl_sco=YES&txt_sco=YES&version=1&object=26.73337065%2D9.4979,12,30
NED,http://ned.ipac.caltech.edu/cgi-bin/objsearch?in_csys=Equatorial&in_equinox=J2000.0&hconst=73&omegam=0.27&omegav=0.73&corr_z=1&search_type=Near+Position+Search&z_constraint=Unconstrained&z_value1=&z_value2=&z_unit=z&ot_include=ANY&nmp_op=ANY&out_csys=Equatorial&out_equinox=J2000.0&obj_sort=Distance+to+search+center&of=pre_text&zv_breaker=30000.0&list_limit=5&img_stamp=YES&radius=0.1&lon=01+46+56.01&lat=%2D9+29+52.49,12,31
ADS,http://adsabs.harvard.edu/cgi-bin/nph-abs_connect?db_key=AST&db_key=PRE&qform=AST&arxiv_sel=astro-ph&arxiv_sel=gr-qc&arxiv_sel=physics&sim_query=YES&ned_query=YES&adsobj_query=YES&aut_logic=OR&obj_logic=OR&author=&start_mon=&start_year=&end_mon=&end_year=&ttl_logic=OR&title=&txt_logic=OR&text=&nr_to_return=200&start_nr=1&jou_pick=ALL&ref_stems=&data_and=ALL&group_and=ALL&start_entry_day=&start_entry_mon=&start_entry_year=&end_entry_day=&end_entry_mon=&end_entry_year=&min_score=&sort=SCORE&data_type=SHORT&aut_syn=YES&ttl_syn=YES&txt_syn=YES&aut_wt=1.0&obj_wt=1.0&ttl_wt=0.3&txt_wt=3.0&aut_wgt=YES&obj_wgt=YES&ttl_wgt=YES&txt_wgt=YES&ttl_sco=YES&txt_sco=YES&version=1&object=32.372207%2D6.719794,13,32
NED,http://ned.ipac.caltech.edu/cgi-bin/objsearch?in_csys=Equatorial&in_equinox=J2000.0&hconst=73&omegam=0.27&omegav=0.73&corr_z=1&search_type=Near+Position+Search&z_constraint=Unconstrained&z_value1=&z_value2=&z_unit=z&ot_include=ANY&nmp_op=ANY&out_csys=Equatorial&out_equinox=J2000.0&obj_sort=Distance+to+search+center&of=pre_text&zv_breaker=30000.0&list_limit=5&img_stamp=YES&radius=0.25&lon=02+09+29.33&lat=%2D6+43+11.26,13,33
SDSS,http://skyserver.sdss3.org/dr9/en/tools/chart/navi.asp?ra=33.199292&dec=-5.931167,14,34
ADS,http://adsabs.harvard.edu/cgi-bin/nph-abs_connect?db_key=AST&db_key=PRE&qform=AST&arxiv_sel=astro-ph&arxiv_sel=gr-qc&arxiv_sel=physics&sim_query=YES&ned_query=YES&adsobj_query=YES&aut_logic=OR&obj_logic=OR&author=&start_mon=&start_year=&end_mon=&end_year=&ttl_logic=OR&title=&txt_logic=OR&text=&nr_to_return=200&start_nr=1&jou_pick=ALL&ref_stems=&data_and=ALL&group_and=ALL&start_entry_day=&start_entry_mon=&start_entry_year=&end_entry_day=&end_entry_mon=&end_entry_year=&min_score=&sort=SCORE&data_type=SHORT&aut_syn=YES&ttl_syn=YES&txt_syn=YES&aut_wt=1.0&obj_wt=1.0&ttl_wt=0.3&txt_wt=3.0&aut_wgt=YES&obj_wgt=YES&ttl_wgt=YES&txt_wgt=YES&ttl_sco=YES&txt_sco=YES&version=1&object=33.199292%2D5.931167,14,35
NED,http://ned.ipac.caltech.edu/cgi-bin/objsearch?in_csys=Equatorial&in_equinox=J2000.0&hconst=73&omegam=0.27&omegav=0.73&corr_z=1&search_type=Near+Position+Search&z_constraint=Unconstrained&z_value1=&z_value2=&z_unit=z&ot_include=ANY&nmp_op=ANY&out_csys=Equatorial&out_equinox=J2000.0&obj_sort=Distance+to+search+center&of=pre_text&zv_breaker=30000.0&list_limit=5&img_stamp=YES&radius=0.1&lon=02+12+47.83&lat=%2D5+55+52.2,14,36
ADS,http://adsabs.harvard.edu/cgi-bin/nph-abs_connect?db_key=AST&db_key=PRE&qform=AST&arxiv_sel=astro-ph&arxiv_sel=gr-qc&arxiv_sel=physics&sim_query=YES&ned_query=YES&adsobj_query=YES&aut_logic=OR&obj_logic=OR&author=&start_mon=&start_year=&end_mon=&end_year=&ttl_logic=OR&title=&txt_logic=OR&text=&nr_to_return=200&start_nr=1&jou_pick=ALL&ref_stems=&data_and=ALL&group_and=ALL&start_entry_day=&start_entry_mon=&start_entry_year=&end_entry_day=&end_entry_mon=&end_entry_year=&min_score=&sort=SCORE&data_type=SHORT&aut_syn=YES&ttl_syn=YES&txt_syn=YES&aut_wt=1.0&obj_wt=1.0&ttl_wt=0.3&txt_wt=3.0&aut_wgt=YES&obj_wgt=YES&ttl_wgt=YES&txt_wgt=YES&ttl_sco=YES&txt_sco=YES&version=1&object=33.533626%2D5.592330,15,37
NED,http://ned.ipac.caltech.edu/cgi-bin/objsearch?in_csys=Equatorial&in_equinox=J2000.0&hconst=73&omegam=0.27&omegav=0.73&corr_z=1&search_type=Near+Position+Search&z_constraint=Unconstrained&z_value1=&z_value2=&z_unit=z&ot_include=ANY&nmp_op=ANY&out_csys=Equatorial&out_equinox=J2000.0&obj_sort=Distance+to+search+center&of=pre_text&zv_breaker=30000.0&list_limit=5&img_stamp=YES&radius=0.25&lon=02+14+8.07&lat=%2D5+35+32.39,15,38
SDSS,http://skyserver.sdss3.org/dr9/en/tools/chart/navi.asp?ra=33.5467033&dec=-4.0841055,16,39
ADS,http://adsabs.harvard.edu/cgi-bin/nph-abs_connect?db_key=AST&db_key=PRE&qform=AST&arxiv_sel=astro-ph&arxiv_sel=gr-qc&arxiv_sel=physics&sim_query=YES&ned_query=YES&adsobj_query=YES&aut_logic=OR&obj_logic=OR&author=&start_mon=&start_year=&end_mon=&end_year=&ttl_logic=OR&title=&txt_logic=OR&text=&nr_to_return=200&start_nr=1&jou_pick=ALL&ref_stems=&data_and=ALL&group_and=ALL&start_entry_day=&start_entry_mon=&start_entry_year=&end_entry_day=&end_entry_mon=&end_entry_year=&min_score=&sort=SCORE&data_type=SHORT&aut_syn=YES&ttl_syn=YES&txt_syn=YES&aut_wt=1.0&obj_wt=1.0&ttl_wt=0.3&txt_wt=3.0&aut_wgt=YES&obj_wgt=YES&ttl_wgt=YES&txt_wgt=YES&ttl_sco=YES&txt_sco=YES&version=1&object=33.5467033%2D4.08410,16,40
NED,http://ned.ipac.caltech.edu/cgi-bin/objsearch?in_csys=Equatorial&in_equinox=J2000.0&hconst=73&omegam=0.27&omegav=0.73&corr_z=1&search_type=Near+Position+Search&z_constraint=Unconstrained&z_value1=&z_value2=&z_unit=z&ot_include=ANY&nmp_op=ANY&out_csys=Equatorial&out_equinox=J2000.0&obj_sort=Distance+to+search+center&of=pre_text&zv_breaker=30000.0&list_limit=5&img_stamp=YES&radius=0.1&lon=02+14+11.21&lat=%2D4+05+2.78,16,41
SDSS,http://skyserver.sdss3.org/dr9/en/tools/chart/navi.asp?ra=34.21893&dec=-8.22927,17,42
ADS,http://adsabs.harvard.edu/cgi-bin/nph-abs_connect?db_key=AST&db_key=PRE&qform=AST&arxiv_sel=astro-ph&arxiv_sel=gr-qc&arxiv_sel=physics&sim_query=YES&ned_query=YES&adsobj_query=YES&aut_logic=OR&obj_logic=OR&author=&start_mon=&start_year=&end_mon=&end_year=&ttl_logic=OR&title=&txt_logic=OR&text=&nr_to_return=200&start_nr=1&jou_pick=ALL&ref_stems=&data_and=ALL&group_and=ALL&start_entry_day=&start_entry_mon=&start_entry_year=&end_entry_day=&end_entry_mon=&end_entry_year=&min_score=&sort=SCORE&data_type=SHORT&aut_syn=YES&ttl_syn=YES&txt_syn=YES&aut_wt=1.0&obj_wt=1.0&ttl_wt=0.3&txt_wt=3.0&aut_wgt=YES&obj_wgt=YES&ttl_wgt=YES&txt_wgt=YES&ttl_sco=YES&txt_sco=YES&version=1&object=34.21893%2D8.22927,17,43
NED,http://ned.ipac.caltech.edu/cgi-bin/objsearch?in_csys=Equatorial&in_equinox=J2000.0&hconst=73&omegam=0.27&omegav=0.73&corr_z=1&search_type=Near+Position+Search&z_constraint=Unconstrained&z_value1=&z_value2=&z_unit=z&ot_include=ANY&nmp_op=ANY&out_csys=Equatorial&out_equinox=J2000.0&obj_sort=Distance+to+search+center&of=pre_text&zv_breaker=30000.0&list_limit=5&img_stamp=YES&radius=0.1&lon=02+16+52.54&lat=%2D8+13+45.37,17,44
SDSS,http://skyserver.sdss3.org/dr9/en/tools/chart/navi.asp?ra=34.4049225&dec=-5.2248211,18,45
ADS,http://adsabs.harvard.edu/cgi-bin/nph-abs_connect?db_key=AST&db_key=PRE&qform=AST&arxiv_sel=astro-ph&arxiv_sel=gr-qc&arxiv_sel=physics&sim_query=YES&ned_query=YES&adsobj_query=YES&aut_logic=OR&obj_logic=OR&author=&start_mon=&start_year=&end_mon=&end_year=&ttl_logic=OR&title=&txt_logic=OR&text=&nr_to_return=200&start_nr=1&jou_pick=ALL&ref_stems=&data_and=ALL&group_and=ALL&start_entry_day=&start_entry_mon=&start_entry_year=&end_entry_day=&end_entry_mon=&end_entry_year=&min_score=&sort=SCORE&data_type=SHORT&aut_syn=YES&ttl_syn=YES&txt_syn=YES&aut_wt=1.0&obj_wt=1.0&ttl_wt=0.3&txt_wt=3.0&aut_wgt=YES&obj_wgt=YES&ttl_wgt=YES&txt_wgt=YES&ttl_sco=YES&txt_sco=YES&version=1&object=34.4049225%2D5.22482,18,46
NED,http://ned.ipac.caltech.edu/cgi-bin/objsearch?in_csys=Equatorial&in_equinox=J2000.0&hconst=73&omegam=0.27&omegav=0.73&corr_z=1&search_type=Near+Position+Search&z_constraint=Unconstrained&z_value1=&z_value2=&z_unit=z&ot_include=ANY&nmp_op=ANY&out_csys=Equatorial&out_equinox=J2000.0&obj_sort=Distance+to+search+center&of=pre_text&zv_breaker=30000.0&list_limit=5&img_stamp=YES&radius=0.1&lon=02+17+37.18&lat=%2D5+13+29.36,18,47
SDSS,http://skyserver.sdss3.org/dr9/en/tools/chart/navi.asp?ra=34.7589417&dec=-8.4929924,19,48
ADS,http://adsabs.harvard.edu/cgi-bin/nph-abs_connect?db_key=AST&db_key=PRE&qform=AST&arxiv_sel=astro-ph&arxiv_sel=gr-qc&arxiv_sel=physics&sim_query=YES&ned_query=YES&adsobj_query=YES&aut_logic=OR&obj_logic=OR&author=&start_mon=&start_year=&end_mon=&end_year=&ttl_logic=OR&title=&txt_logic=OR&text=&nr_to_return=200&start_nr=1&jou_pick=ALL&ref_stems=&data_and=ALL&group_and=ALL&start_entry_day=&start_entry_mon=&start_entry_year=&end_entry_day=&end_entry_mon=&end_entry_year=&min_score=&sort=SCORE&data_type=SHORT&aut_syn=YES&ttl_syn=YES&txt_syn=YES&aut_wt=1.0&obj_wt=1.0&ttl_wt=0.3&txt_wt=3.0&aut_wgt=YES&obj_wgt=YES&ttl_wgt=YES&txt_wgt=YES&ttl_sco=YES&txt_sco=YES&version=1&object=34.7589417%2D8.49299,19,49
NED,http://ned.ipac.caltech.edu/cgi-bin/objsearch?in_csys=Equatorial&in_equinox=J2000.0&hconst=73&omegam=0.27&omegav=0.73&corr_z=1&search_type=Near+Position+Search&z_constraint=Unconstrained&z_value1=&z_value2=&z_unit=z&ot_include=ANY&nmp_op=ANY&out_csys=Equatorial&out_equinox=J2000.0&obj_sort=Distance+to+search+center&of=pre_text&zv_breaker=30000.0&list_limit=5&img_stamp=YES&radius=0.1&lon=02+19+2.15&lat=%2D8+29+34.77,19,50
SDSS,http://skyserver.sdss3.org/dr9/en/tools/chart/navi.asp?ra=35.463249&dec=-6.7924056,20,51
ADS,http://adsabs.harvard.edu/cgi-bin/nph-abs_connect?db_key=AST&db_key=PRE&qform=AST&arxiv_sel=astro-ph&arxiv_sel=gr-qc&arxiv_sel=physics&sim_query=YES&ned_query=YES&adsobj_query=YES&aut_logic=OR&obj_logic=OR&author=&start_mon=&start_year=&end_mon=&end_year=&ttl_logic=OR&title=&txt_logic=OR&text=&nr_to_return=200&start_nr=1&jou_pick=ALL&ref_stems=&data_and=ALL&group_and=ALL&start_entry_day=&start_entry_mon=&start_entry_year=&end_entry_day=&end_entry_mon=&end_entry_year=&min_score=&sort=SCORE&data_type=SHORT&aut_syn=YES&ttl_syn=YES&txt_syn=YES&aut_wt=1.0&obj_wt=1.0&ttl_wt=0.3&txt_wt=3.0&aut_wgt=YES&obj_wgt=YES&ttl_wgt=YES&txt_wgt=YES&ttl_sco=YES&txt_sco=YES&version=1&object=35.463249%2D6.792405,20,52
NED,http://ned.ipac.caltech.edu/cgi-bin/objsearch?in_csys=Equatorial&in_equinox=J2000.0&hconst=73&omegam=0.27&omegav=0.73&corr_z=1&search_type=Near+Position+Search&z_constraint=Unconstrained&z_value1=&z_value2=&z_unit=z&ot_include=ANY&nmp_op=ANY&out_csys=Equatorial&out_equinox=J2000.0&obj_sort=Distance+to+search+center&of=pre_text&zv_breaker=30000.0&list_limit=5&img_stamp=YES&radius=0.25&lon=02+21+51.18&lat=%2D6+47+32.66,20,53
SDSS,http://skyserver.sdss3.org/dr9/en/tools/chart/navi.asp?ra=36.296005&dec=-4.9092998,21,54
ADS,http://adsabs.harvard.edu/cgi-bin/nph-abs_connect?db_key=AST&db_key=PRE&qform=AST&arxiv_sel=astro-ph&arxiv_sel=gr-qc&arxiv_sel=physics&sim_query=YES&ned_query=YES&adsobj_query=YES&aut_logic=OR&obj_logic=OR&author=&start_mon=&start_year=&end_mon=&end_year=&ttl_logic=OR&title=&txt_logic=OR&text=&nr_to_return=200&start_nr=1&jou_pick=ALL&ref_stems=&data_and=ALL&group_and=ALL&start_entry_day=&start_entry_mon=&start_entry_year=&end_entry_day=&end_entry_mon=&end_entry_year=&min_score=&sort=SCORE&data_type=SHORT&aut_syn=YES&ttl_syn=YES&txt_syn=YES&aut_wt=1.0&obj_wt=1.0&ttl_wt=0.3&txt_wt=3.0&aut_wgt=YES&obj_wgt=YES&ttl_wgt=YES&txt_wgt=YES&ttl_sco=YES&txt_sco=YES&version=1&object=36.296005%2D4.909299,21,55
NED,http://ned.ipac.caltech.edu/cgi-bin/objsearch?in_csys=Equatorial&in_equinox=J2000.0&hconst=73&omegam=0.27&omegav=0.73&corr_z=1&search_type=Near+Position+Search&z_constraint=Unconstrained&z_value1=&z_value2=&z_unit=z&ot_include=ANY&nmp_op=ANY&out_csys=Equatorial&out_equinox=J2000.0&obj_sort=Distance+to+search+center&of=pre_text&zv_breaker=30000.0&list_limit=5&img_stamp=YES&radius=0.1&lon=02+25+11.04&lat=%2D4+54+33.48,21,56
SDSS,http://skyserver.sdss3.org/dr9/en/tools/chart/navi.asp?ra=36.442207&dec=-7.6273665,22,57
ADS,http://adsabs.harvard.edu/cgi-bin/nph-abs_connect?db_key=AST&db_key=PRE&qform=AST&arxiv_sel=astro-ph&arxiv_sel=gr-qc&arxiv_sel=physics&sim_query=YES&ned_query=YES&adsobj_query=YES&aut_logic=OR&obj_logic=OR&author=&start_mon=&start_year=&end_mon=&end_year=&ttl_logic=OR&title=&txt_logic=OR&text=&nr_to_return=200&start_nr=1&jou_pick=ALL&ref_stems=&data_and=ALL&group_and=ALL&start_entry_day=&start_entry_mon=&start_entry_year=&end_entry_day=&end_entry_mon=&end_entry_year=&min_score=&sort=SCORE&data_type=SHORT&aut_syn=YES&ttl_syn=YES&txt_syn=YES&aut_wt=1.0&obj_wt=1.0&ttl_wt=0.3&txt_wt=3.0&aut_wgt=YES&obj_wgt=YES&ttl_wgt=YES&txt_wgt=YES&ttl_sco=YES&txt_sco=YES&version=1&object=36.442207%2D7.627366,22,58
NED,http://ned.ipac.caltech.edu/cgi-bin/objsearch?in_csys=Equatorial&in_equinox=J2000.0&hconst=73&omegam=0.27&omegav=0.73&corr_z=1&search_type=Near+Position+Search&z_constraint=Unconstrained&z_value1=&z_value2=&z_unit=z&ot_include=ANY&nmp_op=ANY&out_csys=Equatorial&out_equinox=J2000.0&obj_sort=Distance+to+search+center&of=pre_text&zv_breaker=30000.0&list_limit=5&img_stamp=YES&radius=0.25&lon=02+25+46.13&lat=%2D7+37+38.52,22,59
SDSS,http://skyserver.sdss3.org/dr9/en/tools/chart/navi.asp?ra=41.64207561&dec=-8.42670704,23,60
ADS,http://adsabs.harvard.edu/cgi-bin/nph-abs_connect?db_key=AST&db_key=PRE&qform=AST&arxiv_sel=astro-ph&arxiv_sel=gr-qc&arxiv_sel=physics&sim_query=YES&ned_query=YES&adsobj_query=YES&aut_logic=OR&obj_logic=OR&author=&start_mon=&start_year=&end_mon=&end_year=&ttl_logic=OR&title=&txt_logic=OR&text=&nr_to_return=200&start_nr=1&jou_pick=ALL&ref_stems=&data_and=ALL&group_and=ALL&start_entry_day=&start_entry_mon=&start_entry_year=&end_entry_day=&end_entry_mon=&end_entry_year=&min_score=&sort=SCORE&data_type=SHORT&aut_syn=YES&ttl_syn=YES&txt_syn=YES&aut_wt=1.0&obj_wt=1.0&ttl_wt=0.3&txt_wt=3.0&aut_wgt=YES&obj_wgt=YES&ttl_wgt=YES&txt_wgt=YES&ttl_sco=YES&txt_sco=YES&version=1&object=41.64207561%2D8.4267,23,61
NED,http://ned.ipac.caltech.edu/cgi-bin/objsearch?in_csys=Equatorial&in_equinox=J2000.0&hconst=73&omegam=0.27&omegav=0.73&corr_z=1&search_type=Near+Position+Search&z_constraint=Unconstrained&z_value1=&z_value2=&z_unit=z&ot_include=ANY&nmp_op=ANY&out_csys=Equatorial&out_equinox=J2000.0&obj_sort=Distance+to+search+center&of=pre_text&zv_breaker=30000.0&list_limit=5&img_stamp=YES&radius=0.1&lon=02+46+34.09&lat=%2D8+25+36.1,23,62
SDSS,http://skyserver.sdss3.org/dr9/en/tools/chart/navi.asp?ra=43.18838&dec=+0.66621,24,63
ADS,http://adsabs.harvard.edu/cgi-bin/nph-abs_connect?db_key=AST&db_key=PRE&qform=AST&arxiv_sel=astro-ph&arxiv_sel=gr-qc&arxiv_sel=physics&sim_query=YES&ned_query=YES&adsobj_query=YES&aut_logic=OR&obj_logic=OR&author=&start_mon=&start_year=&end_mon=&end_year=&ttl_logic=OR&title=&txt_logic=OR&text=&nr_to_return=200&start_nr=1&jou_pick=ALL&ref_stems=&data_and=ALL&group_and=ALL&start_entry_day=&start_entry_mon=&start_entry_year=&end_entry_day=&end_entry_mon=&end_entry_year=&min_score=&sort=SCORE&data_type=SHORT&aut_syn=YES&ttl_syn=YES&txt_syn=YES&aut_wt=1.0&obj_wt=1.0&ttl_wt=0.3&txt_wt=3.0&aut_wgt=YES&obj_wgt=YES&ttl_wgt=YES&txt_wgt=YES&ttl_sco=YES&txt_sco=YES&version=1&object=43.18838%2B0.66621,24,64
NED,http://ned.ipac.caltech.edu/cgi-bin/objsearch?in_csys=Equatorial&in_equinox=J2000.0&hconst=73&omegam=0.27&omegav=0.73&corr_z=1&search_type=Near+Position+Search&z_constraint=Unconstrained&z_value1=&z_value2=&z_unit=z&ot_include=ANY&nmp_op=ANY&out_csys=Equatorial&out_equinox=J2000.0&obj_sort=Distance+to+search+center&of=pre_text&zv_breaker=30000.0&list_limit=5&img_stamp=YES&radius=0.1&lon=02+52+45.21&lat=%2B0+39+58.36,24,65
SDSS,http://skyserver.sdss3.org/dr9/en/tools/chart/navi.asp?ra=52.55052&dec=-0.34775,25,66
ADS,http://adsabs.harvard.edu/cgi-bin/nph-abs_connect?db_key=AST&db_key=PRE&qform=AST&arxiv_sel=astro-ph&arxiv_sel=gr-qc&arxiv_sel=physics&sim_query=YES&ned_query=YES&adsobj_query=YES&aut_logic=OR&obj_logic=OR&author=&start_mon=&start_year=&end_mon=&end_year=&ttl_logic=OR&title=&txt_logic=OR&text=&nr_to_return=200&start_nr=1&jou_pick=ALL&ref_stems=&data_and=ALL&group_and=ALL&start_entry_day=&start_entry_mon=&start_entry_year=&end_entry_day=&end_entry_mon=&end_entry_year=&min_score=&sort=SCORE&data_type=SHORT&aut_syn=YES&ttl_syn=YES&txt_syn=YES&aut_wt=1.0&obj_wt=1.0&ttl_wt=0.3&txt_wt=3.0&aut_wgt=YES&obj_wgt=YES&ttl_wgt=YES&txt_wgt=YES&ttl_sco=YES&txt_sco=YES&version=1&object=52.55052%2D0.34775,25,67
NED,http://ned.ipac.caltech.edu/cgi-bin/objsearch?in_csys=Equatorial&in_equinox=J2000.0&hconst=73&omegam=0.27&omegav=0.73&corr_z=1&search_type=Near+Position+Search&z_constraint=Unconstrained&z_value1=&z_value2=&z_unit=z&ot_include=ANY&nmp_op=ANY&out_csys=Equatorial&out_equinox=J2000.0&obj_sort=Distance+to+search+center&of=pre_text&zv_breaker=30000.0&list_limit=5&img_stamp=YES&radius=0.1&lon=03+30+12.12&lat=%2D0+20+51.9,25,68
ADS,http://adsabs.harvard.edu/cgi-bin/nph-abs_connect?db_key=AST&db_key=PRE&qform=AST&arxiv_sel=astro-ph&arxiv_sel=gr-qc&arxiv_sel=physics&sim_query=YES&ned_query=YES&adsobj_query=YES&aut_logic=OR&obj_logic=OR&author=&start_mon=&start_year=&end_mon=&end_year=&ttl_logic=OR&title=&txt_logic=OR&text=&nr_to_return=200&start_nr=1&jou_pick=ALL&ref_stems=&data_and=ALL&group_and=ALL&start_entry_day=&start_entry_mon=&start_entry_year=&end_entry_day=&end_entry_mon=&end_entry_year=&min_score=&sort=SCORE&data_type=SHORT&aut_syn=YES&ttl_syn=YES&txt_syn=YES&aut_wt=1.0&obj_wt=1.0&ttl_wt=0.3&txt_wt=3.0&aut_wgt=YES&obj_wgt=YES&ttl_wgt=YES&txt_wgt=YES&ttl_sco=YES&txt_sco=YES&version=1&object=53.159208%2D27.94811,26,69
NED,http://ned.ipac.caltech.edu/cgi-bin/objsearch?in_csys=Equatorial&in_equinox=J2000.0&hconst=73&omegam=0.27&omegav=0.73&corr_z=1&search_type=Near+Position+Search&z_constraint=Unconstrained&z_value1=&z_value2=&z_unit=z&ot_include=ANY&nmp_op=ANY&out_csys=Equatorial&out_equinox=J2000.0&obj_sort=Distance+to+search+center&of=pre_text&zv_breaker=30000.0&list_limit=5&img_stamp=YES&radius=0.1&lon=03+32+38.21&lat=%2D27+56+53.2,26,70
SDSS,http://skyserver.sdss3.org/dr9/en/tools/chart/navi.asp?ra=63.65417&dec=+5.57897,27,71
ADS,http://adsabs.harvard.edu/cgi-bin/nph-abs_connect?db_key=AST&db_key=PRE&qform=AST&arxiv_sel=astro-ph&arxiv_sel=gr-qc&arxiv_sel=physics&sim_query=YES&ned_query=YES&adsobj_query=YES&aut_logic=OR&obj_logic=OR&author=&start_mon=&start_year=&end_mon=&end_year=&ttl_logic=OR&title=&txt_logic=OR&text=&nr_to_return=200&start_nr=1&jou_pick=ALL&ref_stems=&data_and=ALL&group_and=ALL&start_entry_day=&start_entry_mon=&start_entry_year=&end_entry_day=&end_entry_mon=&end_entry_year=&min_score=&sort=SCORE&data_type=SHORT&aut_syn=YES&ttl_syn=YES&txt_syn=YES&aut_wt=1.0&obj_wt=1.0&ttl_wt=0.3&txt_wt=3.0&aut_wgt=YES&obj_wgt=YES&ttl_wgt=YES&txt_wgt=YES&ttl_sco=YES&txt_sco=YES&version=1&object=63.65417%2B5.57897,27,72
NED,http://ned.ipac.caltech.edu/cgi-bin/objsearch?in_csys=Equatorial&in_equinox=J2000.0&hconst=73&omegam=0.27&omegav=0.73&corr_z=1&search_type=Near+Position+Search&z_constraint=Unconstrained&z_value1=&z_value2=&z_unit=z&ot_include=ANY&nmp_op=ANY&out_csys=Equatorial&out_equinox=J2000.0&obj_sort=Distance+to+search+center&of=pre_text&zv_breaker=30000.0&list_limit=5&img_stamp=YES&radius=0.1&lon=04+14+37&lat=%2B5+34+44.3,27,73
ADS,http://adsabs.harvard.edu/cgi-bin/nph-abs_connect?db_key=AST&db_key=PRE&qform=AST&arxiv_sel=astro-ph&arxiv_sel=gr-qc&arxiv_sel=physics&sim_query=YES&ned_query=YES&adsobj_query=YES&aut_logic=OR&obj_logic=OR&author=&start_mon=&start_year=&end_mon=&end_year=&ttl_logic=OR&title=&txt_logic=OR&text=&nr_to_return=200&start_nr=1&jou_pick=ALL&ref_stems=&data_and=ALL&group_and=ALL&start_entry_day=&start_entry_mon=&start_entry_year=&end_entry_day=&end_entry_mon=&end_entry_year=&min_score=&sort=SCORE&data_type=SHORT&aut_syn=YES&ttl_syn=YES&txt_syn=YES&aut_wt=1.0&obj_wt=1.0&ttl_wt=0.3&txt_wt=3.0&aut_wgt=YES&obj_wgt=YES&ttl_wgt=YES&txt_wgt=YES&ttl_sco=YES&txt_sco=YES&version=1&object=69.5615%2D12.28722,28,74
NED,http://ned.ipac.caltech.edu/cgi-bin/objsearch?in_csys=Equatorial&in_equinox=J2000.0&hconst=73&omegam=0.27&omegav=0.73&corr_z=1&search_type=Near+Position+Search&z_constraint=Unconstrained&z_value1=&z_value2=&z_unit=z&ot_include=ANY&nmp_op=ANY&out_csys=Equatorial&out_equinox=J2000.0&obj_sort=Distance+to+search+center&of=pre_text&zv_breaker=30000.0&list_limit=5&img_stamp=YES&radius=0.1&lon=04+38+14.76&lat=%2D12+17+14.000,28,75
SDSS,http://skyserver.sdss3.org/dr9/en/tools/chart/navi.asp?ra=104.65792&dec=-55.95,29,76
ADS,http://adsabs.harvard.edu/cgi-bin/nph-abs_connect?db_key=AST&db_key=PRE&qform=AST&arxiv_sel=astro-ph&arxiv_sel=gr-qc&arxiv_sel=physics&sim_query=YES&ned_query=YES&adsobj_query=YES&aut_logic=OR&obj_logic=OR&author=&start_mon=&start_year=&end_mon=&end_year=&ttl_logic=OR&title=&txt_logic=OR&text=&nr_to_return=200&start_nr=1&jou_pick=ALL&ref_stems=&data_and=ALL&group_and=ALL&start_entry_day=&start_entry_mon=&start_entry_year=&end_entry_day=&end_entry_mon=&end_entry_year=&min_score=&sort=SCORE&data_type=SHORT&aut_syn=YES&ttl_syn=YES&txt_syn=YES&aut_wt=1.0&obj_wt=1.0&ttl_wt=0.3&txt_wt=3.0&aut_wgt=YES&obj_wgt=YES&ttl_wgt=YES&txt_wgt=YES&ttl_sco=YES&txt_sco=YES&version=1&object=104.65792%2D55.95,29,77
NED,http://ned.ipac.caltech.edu/cgi-bin/objsearch?in_csys=Equatorial&in_equinox=J2000.0&hconst=73&omegam=0.27&omegav=0.73&corr_z=1&search_type=Near+Position+Search&z_constraint=Unconstrained&z_value1=&z_value2=&z_unit=z&ot_include=ANY&nmp_op=ANY&out_csys=Equatorial&out_equinox=J2000.0&obj_sort=Distance+to+search+center&of=pre_text&zv_breaker=30000.0&list_limit=5&img_stamp=YES&radius=0.8&lon=06+58+37.9&lat=%2D55+57+00.00,29,78
APOD,http://apod.nasa.gov/apod/ap060824.html,29,79
SDSS,http://skyserver.sdss3.org/dr9/en/tools/chart/navi.asp?ra=114.36855&dec=+32.27183,30,80
ADS,http://adsabs.harvard.edu/cgi-bin/nph-abs_connect?db_key=AST&db_key=PRE&qform=AST&arxiv_sel=astro-ph&arxiv_sel=gr-qc&arxiv_sel=physics&sim_query=YES&ned_query=YES&adsobj_query=YES&aut_logic=OR&obj_logic=OR&author=&start_mon=&start_year=&end_mon=&end_year=&ttl_logic=OR&title=&txt_logic=OR&text=&nr_to_return=200&start_nr=1&jou_pick=ALL&ref_stems=&data_and=ALL&group_and=ALL&start_entry_day=&start_entry_mon=&start_entry_year=&end_entry_day=&end_entry_mon=&end_entry_year=&min_score=&sort=SCORE&data_type=SHORT&aut_syn=YES&ttl_syn=YES&txt_syn=YES&aut_wt=1.0&obj_wt=1.0&ttl_wt=0.3&txt_wt=3.0&aut_wgt=YES&obj_wgt=YES&ttl_wgt=YES&txt_wgt=YES&ttl_sco=YES&txt_sco=YES&version=1&object=114.36855%2B32.27183,30,81
NED,http://ned.ipac.caltech.edu/cgi-bin/objsearch?in_csys=Equatorial&in_equinox=J2000.0&hconst=73&omegam=0.27&omegav=0.73&corr_z=1&search_type=Near+Position+Search&z_constraint=Unconstrained&z_value1=&z_value2=&z_unit=z&ot_include=ANY&nmp_op=ANY&out_csys=Equatorial&out_equinox=J2000.0&obj_sort=Distance+to+search+center&of=pre_text&zv_breaker=30000.0&list_limit=5&img_stamp=YES&radius=0.1&lon=07+37+28.45&lat=%2B32+16+18.59,30,82
SDSS,http://skyserver.sdss3.org/dr9/en/tools/chart/navi.asp?ra=114.401667&dec=+32.261194,31,83
ADS,http://adsabs.harvard.edu/cgi-bin/nph-abs_connect?db_key=AST&db_key=PRE&qform=AST&arxiv_sel=astro-ph&arxiv_sel=gr-qc&arxiv_sel=physics&sim_query=YES&ned_query=YES&adsobj_query=YES&aut_logic=OR&obj_logic=OR&author=&start_mon=&start_year=&end_mon=&end_year=&ttl_logic=OR&title=&txt_logic=OR&text=&nr_to_return=200&start_nr=1&jou_pick=ALL&ref_stems=&data_and=ALL&group_and=ALL&start_entry_day=&start_entry_mon=&start_entry_year=&end_entry_day=&end_entry_mon=&end_entry_year=&min_score=&sort=SCORE&data_type=SHORT&aut_syn=YES&ttl_syn=YES&txt_syn=YES&aut_wt=1.0&obj_wt=1.0&ttl_wt=0.3&txt_wt=3.0&aut_wgt=YES&obj_wgt=YES&ttl_wgt=YES&txt_wgt=YES&ttl_sco=YES&txt_sco=YES&version=1&object=114.401667%2B32.2611,31,84
NED,http://ned.ipac.caltech.edu/cgi-bin/objsearch?in_csys=Equatorial&in_equinox=J2000.0&hconst=73&omegam=0.27&omegav=0.73&corr_z=1&search_type=Near+Position+Search&z_constraint=Unconstrained&z_value1=&z_value2=&z_unit=z&ot_include=ANY&nmp_op=ANY&out_csys=Equatorial&out_equinox=J2000.0&obj_sort=Distance+to+search+center&of=pre_text&zv_breaker=30000.0&list_limit=5&img_stamp=YES&radius=0.1&lon=07+37+36.40&lat=%2B32+15+40.3,31,85
SDSS,http://skyserver.sdss3.org/dr9/en/tools/chart/navi.asp?ra=125.05358&dec=+48.79363,32,86
ADS,http://adsabs.harvard.edu/cgi-bin/nph-abs_connect?db_key=AST&db_key=PRE&qform=AST&arxiv_sel=astro-ph&arxiv_sel=gr-qc&arxiv_sel=physics&sim_query=YES&ned_query=YES&adsobj_query=YES&aut_logic=OR&obj_logic=OR&author=&start_mon=&start_year=&end_mon=&end_year=&ttl_logic=OR&title=&txt_logic=OR&text=&nr_to_return=200&start_nr=1&jou_pick=ALL&ref_stems=&data_and=ALL&group_and=ALL&start_entry_day=&start_entry_mon=&start_entry_year=&end_entry_day=&end_entry_mon=&end_entry_year=&min_score=&sort=SCORE&data_type=SHORT&aut_syn=YES&ttl_syn=YES&txt_syn=YES&aut_wt=1.0&obj_wt=1.0&ttl_wt=0.3&txt_wt=3.0&aut_wgt=YES&obj_wgt=YES&ttl_wgt=YES&txt_wgt=YES&ttl_sco=YES&txt_sco=YES&version=1&object=125.05358%2B48.79363,32,87
NED,http://ned.ipac.caltech.edu/cgi-bin/objsearch?in_csys=Equatorial&in_equinox=J2000.0&hconst=73&omegam=0.27&omegav=0.73&corr_z=1&search_type=Near+Position+Search&z_constraint=Unconstrained&z_value1=&z_value2=&z_unit=z&ot_include=ANY&nmp_op=ANY&out_csys=Equatorial&out_equinox=J2000.0&obj_sort=Distance+to+search+center&of=pre_text&zv_breaker=30000.0&list_limit=5&img_stamp=YES&radius=0.1&lon=08+20+12.86&lat=%2B48+47+37.07,32,88
SDSS,http://skyserver.sdss3.org/dr9/en/tools/chart/navi.asp?ra=128.963558&dec=39.439353,33,89
ADS,http://adsabs.harvard.edu/cgi-bin/nph-abs_connect?db_key=AST&db_key=PRE&qform=AST&arxiv_sel=astro-ph&arxiv_sel=gr-qc&arxiv_sel=physics&sim_query=YES&ned_query=YES&adsobj_query=YES&aut_logic=OR&obj_logic=OR&author=&start_mon=&start_year=&end_mon=&end_year=&ttl_logic=OR&title=&txt_logic=OR&text=&nr_to_return=200&start_nr=1&jou_pick=ALL&ref_stems=&data_and=ALL&group_and=ALL&start_entry_day=&start_entry_mon=&start_entry_year=&end_entry_day=&end_entry_mon=&end_entry_year=&min_score=&sort=SCORE&data_type=SHORT&aut_syn=YES&ttl_syn=YES&txt_syn=YES&aut_wt=1.0&obj_wt=1.0&ttl_wt=0.3&txt_wt=3.0&aut_wgt=YES&obj_wgt=YES&ttl_wgt=YES&txt_wgt=YES&ttl_sco=YES&txt_sco=YES&version=1&object=128.963558%2B39.4393,33,90
NED,http://ned.ipac.caltech.edu/cgi-bin/objsearch?in_csys=Equatorial&in_equinox=J2000.0&hconst=73&omegam=0.27&omegav=0.73&corr_z=1&search_type=Near+Position+Search&z_constraint=Unconstrained&z_value1=&z_value2=&z_unit=z&ot_include=ANY&nmp_op=ANY&out_csys=Equatorial&out_equinox=J2000.0&obj_sort=Distance+to+search+center&of=pre_text&zv_breaker=30000.0&list_limit=5&img_stamp=YES&radius=0.1&lon=08+35+51.26&lat=%2B39+26+22.0,33,91
SDSS,http://skyserver.sdss3.org/dr9/en/tools/chart/navi.asp?ra=131.794375&dec=+34.807333,34,92
ADS,http://adsabs.harvard.edu/cgi-bin/nph-abs_connect?db_key=AST&db_key=PRE&qform=AST&arxiv_sel=astro-ph&arxiv_sel=gr-qc&arxiv_sel=physics&sim_query=YES&ned_query=YES&adsobj_query=YES&aut_logic=OR&obj_logic=OR&author=&start_mon=&start_year=&end_mon=&end_year=&ttl_logic=OR&title=&txt_logic=OR&text=&nr_to_return=200&start_nr=1&jou_pick=ALL&ref_stems=&data_and=ALL&group_and=ALL&start_entry_day=&start_entry_mon=&start_entry_year=&end_entry_day=&end_entry_mon=&end_entry_year=&min_score=&sort=SCORE&data_type=SHORT&aut_syn=YES&ttl_syn=YES&txt_syn=YES&aut_wt=1.0&obj_wt=1.0&ttl_wt=0.3&txt_wt=3.0&aut_wgt=YES&obj_wgt=YES&ttl_wgt=YES&txt_wgt=YES&ttl_sco=YES&txt_sco=YES&version=1&object=131.794375%2B34.8073,34,93
NED,http://ned.ipac.caltech.edu/cgi-bin/objsearch?in_csys=Equatorial&in_equinox=J2000.0&hconst=73&omegam=0.27&omegav=0.73&corr_z=1&search_type=Near+Position+Search&z_constraint=Unconstrained&z_value1=&z_value2=&z_unit=z&ot_include=ANY&nmp_op=ANY&out_csys=Equatorial&out_equinox=J2000.0&obj_sort=Distance+to+search+center&of=pre_text&zv_breaker=30000.0&list_limit=5&img_stamp=YES&radius=0.1&lon=08+47+10.65&lat=%2B34+48+26.4,34,94
ADS,http://adsabs.harvard.edu/cgi-bin/nph-abs_connect?db_key=AST&db_key=PRE&qform=AST&arxiv_sel=astro-ph&arxiv_sel=gr-qc&arxiv_sel=physics&sim_query=YES&ned_query=YES&adsobj_query=YES&aut_logic=OR&obj_logic=OR&author=&start_mon=&start_year=&end_mon=&end_year=&ttl_logic=OR&title=&txt_logic=OR&text=&nr_to_return=200&start_nr=1&jou_pick=ALL&ref_stems=&data_and=ALL&group_and=ALL&start_entry_day=&start_entry_mon=&start_entry_year=&end_entry_day=&end_entry_mon=&end_entry_year=&min_score=&sort=SCORE&data_type=SHORT&aut_syn=YES&ttl_syn=YES&txt_syn=YES&aut_wt=1.0&obj_wt=1.0&ttl_wt=0.3&txt_wt=3.0&aut_wgt=YES&obj_wgt=YES&ttl_wgt=YES&txt_wgt=YES&ttl_sco=YES&txt_sco=YES&version=1&object=133.693954%2D1.36029,35,95
NED,http://ned.ipac.caltech.edu/cgi-bin/objsearch?in_csys=Equatorial&in_equinox=J2000.0&hconst=73&omegam=0.27&omegav=0.73&corr_z=1&search_type=Near+Position+Search&z_constraint=Unconstrained&z_value1=&z_value2=&z_unit=z&ot_include=ANY&nmp_op=ANY&out_csys=Equatorial&out_equinox=J2000.0&obj_sort=Distance+to+search+center&of=pre_text&zv_breaker=30000.0&list_limit=5&img_stamp=YES&radius=0.25&lon=08+54+46.55&lat=%2D1+21+37.08,35,96
SDSS,http://skyserver.sdss3.org/dr9/en/tools/chart/navi.asp?ra=135.89561203&dec=+50.47204106,36,97
ADS,http://adsabs.harvard.edu/cgi-bin/nph-abs_connect?db_key=AST&db_key=PRE&qform=AST&arxiv_sel=astro-ph&arxiv_sel=gr-qc&arxiv_sel=physics&sim_query=YES&ned_query=YES&adsobj_query=YES&aut_logic=OR&obj_logic=OR&author=&start_mon=&start_year=&end_mon=&end_year=&ttl_logic=OR&title=&txt_logic=OR&text=&nr_to_return=200&start_nr=1&jou_pick=ALL&ref_stems=&data_and=ALL&group_and=ALL&start_entry_day=&start_entry_mon=&start_entry_year=&end_entry_day=&end_entry_mon=&end_entry_year=&min_score=&sort=SCORE&data_type=SHORT&aut_syn=YES&ttl_syn=YES&txt_syn=YES&aut_wt=1.0&obj_wt=1.0&ttl_wt=0.3&txt_wt=3.0&aut_wgt=YES&obj_wgt=YES&ttl_wgt=YES&txt_wgt=YES&ttl_sco=YES&txt_sco=YES&version=1&object=135.89561203%2B50.47,36,98
NED,http://ned.ipac.caltech.edu/cgi-bin/objsearch?in_csys=Equatorial&in_equinox=J2000.0&hconst=73&omegam=0.27&omegav=0.73&corr_z=1&search_type=Near+Position+Search&z_constraint=Unconstrained&z_value1=&z_value2=&z_unit=z&ot_include=ANY&nmp_op=ANY&out_csys=Equatorial&out_equinox=J2000.0&obj_sort=Distance+to+search+center&of=pre_text&zv_breaker=30000.0&list_limit=5&img_stamp=YES&radius=0.1&lon=09+03+34.94&lat=%2B50+28+19.3,36,99
SDSS,http://skyserver.sdss3.org/dr9/en/tools/chart/navi.asp?ra=136.033203&dec=-0.9980139,37,100
ADS,http://adsabs.harvard.edu/cgi-bin/nph-abs_connect?db_key=AST&db_key=PRE&qform=AST&arxiv_sel=astro-ph&arxiv_sel=gr-qc&arxiv_sel=physics&sim_query=YES&ned_query=YES&adsobj_query=YES&aut_logic=OR&obj_logic=OR&author=&start_mon=&start_year=&end_mon=&end_year=&ttl_logic=OR&title=&txt_logic=OR&text=&nr_to_return=200&start_nr=1&jou_pick=ALL&ref_stems=&data_and=ALL&group_and=ALL&start_entry_day=&start_entry_mon=&start_entry_year=&end_entry_day=&end_entry_mon=&end_entry_year=&min_score=&sort=SCORE&data_type=SHORT&aut_syn=YES&ttl_syn=YES&txt_syn=YES&aut_wt=1.0&obj_wt=1.0&ttl_wt=0.3&txt_wt=3.0&aut_wgt=YES&obj_wgt=YES&ttl_wgt=YES&txt_wgt=YES&ttl_sco=YES&txt_sco=YES&version=1&object=136.033203%2D0.99801,37,101
NED,http://ned.ipac.caltech.edu/cgi-bin/objsearch?in_csys=Equatorial&in_equinox=J2000.0&hconst=73&omegam=0.27&omegav=0.73&corr_z=1&search_type=Near+Position+Search&z_constraint=Unconstrained&z_value1=&z_value2=&z_unit=z&ot_include=ANY&nmp_op=ANY&out_csys=Equatorial&out_equinox=J2000.0&obj_sort=Distance+to+search+center&of=pre_text&zv_breaker=30000.0&list_limit=5&img_stamp=YES&radius=0.1&lon=09+04+7.97&lat=%2D0+59+52.85,37,102
ADS,http://adsabs.harvard.edu/cgi-bin/nph-abs_connect?db_key=AST&db_key=PRE&qform=AST&arxiv_sel=astro-ph&arxiv_sel=gr-qc&arxiv_sel=physics&sim_query=YES&ned_query=YES&adsobj_query=YES&aut_logic=OR&obj_logic=OR&author=&start_mon=&start_year=&end_mon=&end_year=&ttl_logic=OR&title=&txt_logic=OR&text=&nr_to_return=200&start_nr=1&jou_pick=ALL&ref_stems=&data_and=ALL&group_and=ALL&start_entry_day=&start_entry_mon=&start_entry_year=&end_entry_day=&end_entry_mon=&end_entry_year=&min_score=&sort=SCORE&data_type=SHORT&aut_syn=YES&ttl_syn=YES&txt_syn=YES&aut_wt=1.0&obj_wt=1.0&ttl_wt=0.3&txt_wt=3.0&aut_wgt=YES&obj_wgt=YES&ttl_wgt=YES&txt_wgt=YES&ttl_sco=YES&txt_sco=YES&version=1&object=137.796988%2B17.7755,38,103
NED,http://ned.ipac.caltech.edu/cgi-bin/objsearch?in_csys=Equatorial&in_equinox=J2000.0&hconst=73&omegam=0.27&omegav=0.73&corr_z=1&search_type=Near+Position+Search&z_constraint=Unconstrained&z_value1=&z_value2=&z_unit=z&ot_include=ANY&nmp_op=ANY&out_csys=Equatorial&out_equinox=J2000.0&obj_sort=Distance+to+search+center&of=pre_text&zv_breaker=30000.0&list_limit=5&img_stamp=YES&radius=0.8&lon=09+11+11.277&lat=%2B17+46+31.94,38,104
ADS,http://adsabs.harvard.edu/cgi-bin/nph-abs_connect?db_key=AST&db_key=PRE&qform=AST&arxiv_sel=astro-ph&arxiv_sel=gr-qc&arxiv_sel=physics&sim_query=YES&ned_query=YES&adsobj_query=YES&aut_logic=OR&obj_logic=OR&author=&start_mon=&start_year=&end_mon=&end_year=&ttl_logic=OR&title=&txt_logic=OR&text=&nr_to_return=200&start_nr=1&jou_pick=ALL&ref_stems=&data_and=ALL&group_and=ALL&start_entry_day=&start_entry_mon=&start_entry_year=&end_entry_day=&end_entry_mon=&end_entry_year=&min_score=&sort=SCORE&data_type=SHORT&aut_syn=YES&ttl_syn=YES&txt_syn=YES&aut_wt=1.0&obj_wt=1.0&ttl_wt=0.3&txt_wt=3.0&aut_wgt=YES&obj_wgt=YES&ttl_wgt=YES&txt_wgt=YES&ttl_sco=YES&txt_sco=YES&version=1&object=137.8625%2B5.84778,39,105
NED,http://ned.ipac.caltech.edu/cgi-bin/objsearch?in_csys=Equatorial&in_equinox=J2000.0&hconst=73&omegam=0.27&omegav=0.73&corr_z=1&search_type=Near+Position+Search&z_constraint=Unconstrained&z_value1=&z_value2=&z_unit=z&ot_include=ANY&nmp_op=ANY&out_csys=Equatorial&out_equinox=J2000.0&obj_sort=Distance+to+search+center&of=pre_text&zv_breaker=30000.0&list_limit=5&img_stamp=YES&radius=0.1&lon=09+11+27&lat=%2B5+50+52.0,39,106
SDSS,http://skyserver.sdss3.org/dr9/en/tools/chart/navi.asp?ra=138.02212&dec=+0.48366,40,107
ADS,http://adsabs.harvard.edu/cgi-bin/nph-abs_connect?db_key=AST&db_key=PRE&qform=AST&arxiv_sel=astro-ph&arxiv_sel=gr-qc&arxiv_sel=physics&sim_query=YES&ned_query=YES&adsobj_query=YES&aut_logic=OR&obj_logic=OR&author=&start_mon=&start_year=&end_mon=&end_year=&ttl_logic=OR&title=&txt_logic=OR&text=&nr_to_return=200&start_nr=1&jou_pick=ALL&ref_stems=&data_and=ALL&group_and=ALL&start_entry_day=&start_entry_mon=&start_entry_year=&end_entry_day=&end_entry_mon=&end_entry_year=&min_score=&sort=SCORE&data_type=SHORT&aut_syn=YES&ttl_syn=YES&txt_syn=YES&aut_wt=1.0&obj_wt=1.0&ttl_wt=0.3&txt_wt=3.0&aut_wgt=YES&obj_wgt=YES&ttl_wgt=YES&txt_wgt=YES&ttl_sco=YES&txt_sco=YES&version=1&object=138.02212%2B0.48366,40,108
NED,http://ned.ipac.caltech.edu/cgi-bin/objsearch?in_csys=Equatorial&in_equinox=J2000.0&hconst=73&omegam=0.27&omegav=0.73&corr_z=1&search_type=Near+Position+Search&z_constraint=Unconstrained&z_value1=&z_value2=&z_unit=z&ot_include=ANY&nmp_op=ANY&out_csys=Equatorial&out_equinox=J2000.0&obj_sort=Distance+to+search+center&of=pre_text&zv_breaker=30000.0&list_limit=5&img_stamp=YES&radius=0.1&lon=09+12+5.31&lat=%2B0+29+1.18,40,109
SDSS,http://skyserver.sdss3.org/dr9/en/tools/chart/navi.asp?ra=139.85927&dec=+27.34751,41,110
ADS,http://adsabs.harvard.edu/cgi-bin/nph-abs_connect?db_key=AST&db_key=PRE&qform=AST&arxiv_sel=astro-ph&arxiv_sel=gr-qc&arxiv_sel=physics&sim_query=YES&ned_query=YES&adsobj_query=YES&aut_logic=OR&obj_logic=OR&author=&start_mon=&start_year=&end_mon=&end_year=&ttl_logic=OR&title=&txt_logic=OR&text=&nr_to_return=200&start_nr=1&jou_pick=ALL&ref_stems=&data_and=ALL&group_and=ALL&start_entry_day=&start_entry_mon=&start_entry_year=&end_entry_day=&end_entry_mon=&end_entry_year=&min_score=&sort=SCORE&data_type=SHORT&aut_syn=YES&ttl_syn=YES&txt_syn=YES&aut_wt=1.0&obj_wt=1.0&ttl_wt=0.3&txt_wt=3.0&aut_wgt=YES&obj_wgt=YES&ttl_wgt=YES&txt_wgt=YES&ttl_sco=YES&txt_sco=YES&version=1&object=139.85927%2B27.34751,41,111
NED,http://ned.ipac.caltech.edu/cgi-bin/objsearch?in_csys=Equatorial&in_equinox=J2000.0&hconst=73&omegam=0.27&omegav=0.73&corr_z=1&search_type=Near+Position+Search&z_constraint=Unconstrained&z_value1=&z_value2=&z_unit=z&ot_include=ANY&nmp_op=ANY&out_csys=Equatorial&out_equinox=J2000.0&obj_sort=Distance+to+search+center&of=pre_text&zv_breaker=30000.0&list_limit=5&img_stamp=YES&radius=0.1&lon=09+19+26.22&lat=%2B27+20+51.04,41,112
SDSS,http://skyserver.sdss3.org/dr9/en/tools/chart/navi.asp?ra=141.232487&dec=+2.323611,42,113
ADS,http://adsabs.harvard.edu/cgi-bin/nph-abs_connect?db_key=AST&db_key=PRE&qform=AST&arxiv_sel=astro-ph&arxiv_sel=gr-qc&arxiv_sel=physics&sim_query=YES&ned_query=YES&adsobj_query=YES&aut_logic=OR&obj_logic=OR&author=&start_mon=&start_year=&end_mon=&end_year=&ttl_logic=OR&title=&txt_logic=OR&text=&nr_to_return=200&start_nr=1&jou_pick=ALL&ref_stems=&data_and=ALL&group_and=ALL&start_entry_day=&start_entry_mon=&start_entry_year=&end_entry_day=&end_entry_mon=&end_entry_year=&min_score=&sort=SCORE&data_type=SHORT&aut_syn=YES&ttl_syn=YES&txt_syn=YES&aut_wt=1.0&obj_wt=1.0&ttl_wt=0.3&txt_wt=3.0&aut_wgt=YES&obj_wgt=YES&ttl_wgt=YES&txt_wgt=YES&ttl_sco=YES&txt_sco=YES&version=1&object=141.232487%2B2.32361,42,114
NED,http://ned.ipac.caltech.edu/cgi-bin/objsearch?in_csys=Equatorial&in_equinox=J2000.0&hconst=73&omegam=0.27&omegav=0.73&corr_z=1&search_type=Near+Position+Search&z_constraint=Unconstrained&z_value1=&z_value2=&z_unit=z&ot_include=ANY&nmp_op=ANY&out_csys=Equatorial&out_equinox=J2000.0&obj_sort=Distance+to+search+center&of=pre_text&zv_breaker=30000.0&list_limit=5&img_stamp=YES&radius=0.1&lon=09+24+55.87&lat=%2B2+19+24.9,42,115
SDSS,http://skyserver.sdss3.org/dr9/en/tools/chart/navi.asp?ra=146.73617&dec=+10.11467,43,116
ADS,http://adsabs.harvard.edu/cgi-bin/nph-abs_connect?db_key=AST&db_key=PRE&qform=AST&arxiv_sel=astro-ph&arxiv_sel=gr-qc&arxiv_sel=physics&sim_query=YES&ned_query=YES&adsobj_query=YES&aut_logic=OR&obj_logic=OR&author=&start_mon=&start_year=&end_mon=&end_year=&ttl_logic=OR&title=&txt_logic=OR&text=&nr_to_return=200&start_nr=1&jou_pick=ALL&ref_stems=&data_and=ALL&group_and=ALL&start_entry_day=&start_entry_mon=&start_entry_year=&end_entry_day=&end_entry_mon=&end_entry_year=&min_score=&sort=SCORE&data_type=SHORT&aut_syn=YES&ttl_syn=YES&txt_syn=YES&aut_wt=1.0&obj_wt=1.0&ttl_wt=0.3&txt_wt=3.0&aut_wgt=YES&obj_wgt=YES&ttl_wgt=YES&txt_wgt=YES&ttl_sco=YES&txt_sco=YES&version=1&object=146.73617%2B10.11467,43,117
NED,http://ned.ipac.caltech.edu/cgi-bin/objsearch?in_csys=Equatorial&in_equinox=J2000.0&hconst=73&omegam=0.27&omegav=0.73&corr_z=1&search_type=Near+Position+Search&z_constraint=Unconstrained&z_value1=&z_value2=&z_unit=z&ot_include=ANY&nmp_op=ANY&out_csys=Equatorial&out_equinox=J2000.0&obj_sort=Distance+to+search+center&of=pre_text&zv_breaker=30000.0&list_limit=5&img_stamp=YES&radius=0.1&lon=09+46+56.68&lat=%2B10+06+52.81,43,118
SDSS,http://skyserver.sdss3.org/dr9/en/tools/chart/navi.asp?ra=148.75&dec=-1.50139,44,119
ADS,http://adsabs.harvard.edu/cgi-bin/nph-abs_connect?db_key=AST&db_key=PRE&qform=AST&arxiv_sel=astro-ph&arxiv_sel=gr-qc&arxiv_sel=physics&sim_query=YES&ned_query=YES&adsobj_query=YES&aut_logic=OR&obj_logic=OR&author=&start_mon=&start_year=&end_mon=&end_year=&ttl_logic=OR&title=&txt_logic=OR&text=&nr_to_return=200&start_nr=1&jou_pick=ALL&ref_stems=&data_and=ALL&group_and=ALL&start_entry_day=&start_entry_mon=&start_entry_year=&end_entry_day=&end_entry_mon=&end_entry_year=&min_score=&sort=SCORE&data_type=SHORT&aut_syn=YES&ttl_syn=YES&txt_syn=YES&aut_wt=1.0&obj_wt=1.0&ttl_wt=0.3&txt_wt=3.0&aut_wgt=YES&obj_wgt=YES&ttl_wgt=YES&txt_wgt=YES&ttl_sco=YES&txt_sco=YES&version=1&object=148.75%2D1.50139,44,120
NED,http://ned.ipac.caltech.edu/cgi-bin/objsearch?in_csys=Equatorial&in_equinox=J2000.0&hconst=73&omegam=0.27&omegav=0.73&corr_z=1&search_type=Near+Position+Search&z_constraint=Unconstrained&z_value1=&z_value2=&z_unit=z&ot_include=ANY&nmp_op=ANY&out_csys=Equatorial&out_equinox=J2000.0&obj_sort=Distance+to+search+center&of=pre_text&zv_breaker=30000.0&list_limit=5&img_stamp=YES&radius=0.1&lon=09+55+00&lat=%2D1+30+05.000,44,121
SDSS,http://skyserver.sdss3.org/dr9/en/tools/chart/navi.asp?ra=149.12406&dec=+51.00186,45,122
ADS,http://adsabs.harvard.edu/cgi-bin/nph-abs_connect?db_key=AST&db_key=PRE&qform=AST&arxiv_sel=astro-ph&arxiv_sel=gr-qc&arxiv_sel=physics&sim_query=YES&ned_query=YES&adsobj_query=YES&aut_logic=OR&obj_logic=OR&author=&start_mon=&start_year=&end_mon=&end_year=&ttl_logic=OR&title=&txt_logic=OR&text=&nr_to_return=200&start_nr=1&jou_pick=ALL&ref_stems=&data_and=ALL&group_and=ALL&start_entry_day=&start_entry_mon=&start_entry_year=&end_entry_day=&end_entry_mon=&end_entry_year=&min_score=&sort=SCORE&data_type=SHORT&aut_syn=YES&ttl_syn=YES&txt_syn=YES&aut_wt=1.0&obj_wt=1.0&ttl_wt=0.3&txt_wt=3.0&aut_wgt=YES&obj_wgt=YES&ttl_wgt=YES&txt_wgt=YES&ttl_sco=YES&txt_sco=YES&version=1&object=149.12406%2B51.00186,45,123
NED,http://ned.ipac.caltech.edu/cgi-bin/objsearch?in_csys=Equatorial&in_equinox=J2000.0&hconst=73&omegam=0.27&omegav=0.73&corr_z=1&search_type=Near+Position+Search&z_constraint=Unconstrained&z_value1=&z_value2=&z_unit=z&ot_include=ANY&nmp_op=ANY&out_csys=Equatorial&out_equinox=J2000.0&obj_sort=Distance+to+search+center&of=pre_text&zv_breaker=30000.0&list_limit=5&img_stamp=YES&radius=0.1&lon=09+56+29.77&lat=%2B51+00+6.7,45,124
ADS,http://adsabs.harvard.edu/cgi-bin/nph-abs_connect?db_key=AST&db_key=PRE&qform=AST&arxiv_sel=astro-ph&arxiv_sel=gr-qc&arxiv_sel=physics&sim_query=YES&ned_query=YES&adsobj_query=YES&aut_logic=OR&obj_logic=OR&author=&start_mon=&start_year=&end_mon=&end_year=&ttl_logic=OR&title=&txt_logic=OR&text=&nr_to_return=200&start_nr=1&jou_pick=ALL&ref_stems=&data_and=ALL&group_and=ALL&start_entry_day=&start_entry_mon=&start_entry_year=&end_entry_day=&end_entry_mon=&end_entry_year=&min_score=&sort=SCORE&data_type=SHORT&aut_syn=YES&ttl_syn=YES&txt_syn=YES&aut_wt=1.0&obj_wt=1.0&ttl_wt=0.3&txt_wt=3.0&aut_wgt=YES&obj_wgt=YES&ttl_wgt=YES&txt_wgt=YES&ttl_sco=YES&txt_sco=YES&version=1&object=149.84068%2B2.11067,46,125
NED,http://ned.ipac.caltech.edu/cgi-bin/objsearch?in_csys=Equatorial&in_equinox=J2000.0&hconst=73&omegam=0.27&omegav=0.73&corr_z=1&search_type=Near+Position+Search&z_constraint=Unconstrained&z_value1=&z_value2=&z_unit=z&ot_include=ANY&nmp_op=ANY&out_csys=Equatorial&out_equinox=J2000.0&obj_sort=Distance+to+search+center&of=pre_text&zv_breaker=30000.0&list_limit=5&img_stamp=YES&radius=0.1&lon=09+59+21.79&lat=%2B2+06+38.7,46,126
SDSS,http://skyserver.sdss3.org/dr9/en/tools/chart/navi.asp?ra=149.93361&dec=+4.17139,47,127
ADS,http://adsabs.harvard.edu/cgi-bin/nph-abs_connect?db_key=AST&db_key=PRE&qform=AST&arxiv_sel=astro-ph&arxiv_sel=gr-qc&arxiv_sel=physics&sim_query=YES&ned_query=YES&adsobj_query=YES&aut_logic=OR&obj_logic=OR&author=&start_mon=&start_year=&end_mon=&end_year=&ttl_logic=OR&title=&txt_logic=OR&text=&nr_to_return=200&start_nr=1&jou_pick=ALL&ref_stems=&data_and=ALL&group_and=ALL&start_entry_day=&start_entry_mon=&start_entry_year=&end_entry_day=&end_entry_mon=&end_entry_year=&min_score=&sort=SCORE&data_type=SHORT&aut_syn=YES&ttl_syn=YES&txt_syn=YES&aut_wt=1.0&obj_wt=1.0&ttl_wt=0.3&txt_wt=3.0&aut_wgt=YES&obj_wgt=YES&ttl_wgt=YES&txt_wgt=YES&ttl_sco=YES&txt_sco=YES&version=1&object=149.93361%2B4.17139,47,128
NED,http://ned.ipac.caltech.edu/cgi-bin/objsearch?in_csys=Equatorial&in_equinox=J2000.0&hconst=73&omegam=0.27&omegav=0.73&corr_z=1&search_type=Near+Position+Search&z_constraint=Unconstrained&z_value1=&z_value2=&z_unit=z&ot_include=ANY&nmp_op=ANY&out_csys=Equatorial&out_equinox=J2000.0&obj_sort=Distance+to+search+center&of=pre_text&zv_breaker=30000.0&list_limit=5&img_stamp=YES&radius=0.1&lon=09+59+44.07&lat=%2B4+10+17,47,129
SDSS,http://skyserver.sdss3.org/dr9/en/tools/chart/navi.asp?ra=150.15948&dec=2.6927351,48,130
ADS,http://adsabs.harvard.edu/cgi-bin/nph-abs_connect?db_key=AST&db_key=PRE&qform=AST&arxiv_sel=astro-ph&arxiv_sel=gr-qc&arxiv_sel=physics&sim_query=YES&ned_query=YES&adsobj_query=YES&aut_logic=OR&obj_logic=OR&author=&start_mon=&start_year=&end_mon=&end_year=&ttl_logic=OR&title=&txt_logic=OR&text=&nr_to_return=200&start_nr=1&jou_pick=ALL&ref_stems=&data_and=ALL&group_and=ALL&start_entry_day=&start_entry_mon=&start_entry_year=&end_entry_day=&end_entry_mon=&end_entry_year=&min_score=&sort=SCORE&data_type=SHORT&aut_syn=YES&ttl_syn=YES&txt_syn=YES&aut_wt=1.0&obj_wt=1.0&ttl_wt=0.3&txt_wt=3.0&aut_wgt=YES&obj_wgt=YES&ttl_wgt=YES&txt_wgt=YES&ttl_sco=YES&txt_sco=YES&version=1&object=150.15948%2B2.692735,48,131
NED,http://ned.ipac.caltech.edu/cgi-bin/objsearch?in_csys=Equatorial&in_equinox=J2000.0&hconst=73&omegam=0.27&omegav=0.73&corr_z=1&search_type=Near+Position+Search&z_constraint=Unconstrained&z_value1=&z_value2=&z_unit=z&ot_include=ANY&nmp_op=ANY&out_csys=Equatorial&out_equinox=J2000.0&obj_sort=Distance+to+search+center&of=pre_text&zv_breaker=30000.0&list_limit=5&img_stamp=YES&radius=0.1&lon=10+00+38.27&lat=%2B2+41+33.84,48,132
SDSS,http://skyserver.sdss3.org/dr9/en/tools/chart/navi.asp?ra=150.33333&dec=+55.89706,49,133
ADS,http://adsabs.harvard.edu/cgi-bin/nph-abs_connect?db_key=AST&db_key=PRE&qform=AST&arxiv_sel=astro-ph&arxiv_sel=gr-qc&arxiv_sel=physics&sim_query=YES&ned_query=YES&adsobj_query=YES&aut_logic=OR&obj_logic=OR&author=&start_mon=&start_year=&end_mon=&end_year=&ttl_logic=OR&title=&txt_logic=OR&text=&nr_to_return=200&start_nr=1&jou_pick=ALL&ref_stems=&data_and=ALL&group_and=ALL&start_entry_day=&start_entry_mon=&start_entry_year=&end_entry_day=&end_entry_mon=&end_entry_year=&min_score=&sort=SCORE&data_type=SHORT&aut_syn=YES&ttl_syn=YES&txt_syn=YES&aut_wt=1.0&obj_wt=1.0&ttl_wt=0.3&txt_wt=3.0&aut_wgt=YES&obj_wgt=YES&ttl_wgt=YES&txt_wgt=YES&ttl_sco=YES&txt_sco=YES&version=1&object=150.337%2B55.89706,49,134
NED,http://ned.ipac.caltech.edu/cgi-bin/objsearch?in_csys=Equatorial&in_equinox=J2000.0&hconst=73&omegam=0.27&omegav=0.73&corr_z=1&search_type=Near+Position+Search&z_constraint=Unconstrained&z_value1=&z_value2=&z_unit=z&ot_include=ANY&nmp_op=ANY&out_csys=Equatorial&out_equinox=J2000.0&obj_sort=Distance+to+search+center&of=pre_text&zv_breaker=30000.0&list_limit=5&img_stamp=YES&radius=0.25&lon=10+01+20&lat=%2B55+53+49.4,49,135
SDSS,http://skyserver.sdss3.org/dr9/en/tools/chart/navi.asp?ra=151.143142867&dec=41.2121094213,50,136
ADS,http://adsabs.harvard.edu/cgi-bin/nph-abs_connect?db_key=AST&db_key=PRE&qform=AST&arxiv_sel=astro-ph&arxiv_sel=gr-qc&arxiv_sel=physics&sim_query=YES&ned_query=YES&adsobj_query=YES&aut_logic=OR&obj_logic=OR&author=&start_mon=&start_year=&end_mon=&end_year=&ttl_logic=OR&title=&txt_logic=OR&text=&nr_to_return=200&start_nr=1&jou_pick=ALL&ref_stems=&data_and=ALL&group_and=ALL&start_entry_day=&start_entry_mon=&start_entry_year=&end_entry_day=&end_entry_mon=&end_entry_year=&min_score=&sort=SCORE&data_type=SHORT&aut_syn=YES&ttl_syn=YES&txt_syn=YES&aut_wt=1.0&obj_wt=1.0&ttl_wt=0.3&txt_wt=3.0&aut_wgt=YES&obj_wgt=YES&ttl_wgt=YES&txt_wgt=YES&ttl_sco=YES&txt_sco=YES&version=1&object=151.143142867%2B41.2,50,137
NED,http://ned.ipac.caltech.edu/cgi-bin/objsearch?in_csys=Equatorial&in_equinox=J2000.0&hconst=73&omegam=0.27&omegav=0.73&corr_z=1&search_type=Near+Position+Search&z_constraint=Unconstrained&z_value1=&z_value2=&z_unit=z&ot_include=ANY&nmp_op=ANY&out_csys=Equatorial&out_equinox=J2000.0&obj_sort=Distance+to+search+center&of=pre_text&zv_breaker=30000.0&list_limit=5&img_stamp=YES&radius=0.8&lon=10+04+34&lat=%2B41+12+42.8,50,138
APOD,http://apod.nasa.gov/apod/ap060524.html,50,139
